timeSecond,phase,arrivedStudents,windowQueues,totalQueuing,servingStudents,waitingForSeatStudents,diningStudents,actualSeatedTables,actualSeatedSeats,reservedOrOccupiedTables,reservedOrOccupiedSeats,lockedOnlySeats,leftNormally,balkedStudents,actualTableSeatGroups,tableReservationCounts
0,"午餐",0,"W1=0|W2=0|W3=0|W4=0|W5=0",0,0,0,0,0,0,0,0,0,0,0,"none","none"
1,"午餐",0,"W1=0|W2=0|W3=0|W4=0|W5=0",0,0,0,0,0,0,0,0,0,0,0,"none","none"
2,"午餐",0,"W1=0|W2=0|W3=0|W4=0|W5=0",0,0,0,0,0,0,0,0,0,0,0,"none","none"
3,"午餐",0,"W1=0|W2=0|W3=0|W4=0|W5=0",0,0,0,0,0,0,0,0,0,0,0,"none","none"
4,"午餐",0,"W1=0|W2=0|W3=0|W4=0|W5=0",0,0,0,0,0,0,0,0,0,0,0,"none","none"
5,"午餐",0,"W1=0|W2=0|W3=0|W4=0|W5=0",0,0,0,0,0,0,0,0,0,0,0,"none","none"
6,"午餐",0,"W1=0|W2=0|W3=0|W4=0|W5=0",0,0,0,0,0,0,0,0,0,0,0,"none","none"
7,"午餐",0,"W1=0|W2=0|W3=0|W4=0|W5=0",0,0,0,0,0,0,0,0,0,0,0,"none","none"
8,"午餐",0,"W1=0|W2=0|W3=0|W4=0|W5=0",0,0,0,0,0,0,0,0,0,0,0,"none","none"
9,"午餐",0,"W1=0|W2=0|W3=0|W4=0|W5=0",0,0,0,0,0,0,0,0,0,0,0,"none","none"
10,"午餐",0,"W1=0|W2=0|W3=0|W4=0|W5=0",0,0,0,0,0,0,0,0,0,0,0,"none","none"
11,"午餐",0,"W1=0|W2=0|W3=0|W4=0|W5=0",0,0,0,0,0,0,0,0,0,0,0,"none","none"
12,"午餐",0,"W1=0|W2=0|W3=0|W4=0|W5=0",0,0,0,0,0,0,0,0,0,0,0,"none","none"
13,"午餐",0,"W1=0|W2=0|W3=0|W4=0|W5=0",0,0,0,0,0,0,0,0,0,0,0,"none","none"
14,"午餐",0,"W1=0|W2=0|W3=0|W4=0|W5=0",0,0,0,0,0,0,0,0,0,0,0,"none","none"
15,"午餐",0,"W1=0|W2=0|W3=0|W4=0|W5=0",0,0,0,0,0,0,0,0,0,0,0,"none","none"
16,"午餐",0,"W1=0|W2=0|W3=0|W4=0|W5=0",0,0,0,0,0,0,0,0,0,0,0,"none","none"
17,"午餐",0,"W1=0|W2=0|W3=0|W4=0|W5=0",0,0,0,0,0,0,0,0,0,0,0,"none","none"
18,"午餐",0,"W1=0|W2=0|W3=0|W4=0|W5=0",0,0,0,0,0,0,0,0,0,0,0,"none","none"
19,"午餐",0,"W1=0|W2=0|W3=0|W4=0|W5=0",0,0,0,0,0,0,0,0,0,0,0,"none","none"
20,"午餐",0,"W1=0|W2=0|W3=0|W4=0|W5=0",0,0,0,0,0,0,0,0,0,0,0,"none","none"
21,"午餐",0,"W1=0|W2=0|W3=0|W4=0|W5=0",0,0,0,0,0,0,0,0,0,0,0,"none","none"
22,"午餐",0,"W1=0|W2=0|W3=0|W4=0|W5=0",0,0,0,0,0,0,0,0,0,0,0,"none","none"
23,"午餐",0,"W1=0|W2=0|W3=0|W4=0|W5=0",0,0,0,0,0,0,0,0,0,0,0,"none","none"
24,"午餐",0,"W1=0|W2=0|W3=0|W4=0|W5=0",0,0,0,0,0,0,0,0,0,0,0,"none","none"
25,"午餐",0,"W1=0|W2=0|W3=0|W4=0|W5=0",0,0,0,0,0,0,0,0,0,0,0,"none","none"
26,"午餐",0,"W1=0|W2=0|W3=0|W4=0|W5=0",0,0,0,0,0,0,0,0,0,0,0,"none","none"
27,"午餐",0,"W1=0|W2=0|W3=0|W4=0|W5=0",0,0,0,0,0,0,0,0,0,0,0,"none","none"
28,"午餐",0,"W1=0|W2=0|W3=0|W4=0|W5=0",0,0,0,0,0,0,0,0,0,0,0,"none","none"
29,"午餐",0,"W1=0|W2=0|W3=0|W4=0|W5=0",0,0,0,0,0,0,0,0,0,0,0,"none","none"
30,"午餐",0,"W1=0|W2=0|W3=0|W4=0|W5=0",0,0,0,0,0,0,0,0,0,0,0,"none","none"
31,"午餐",0,"W1=0|W2=0|W3=0|W4=0|W5=0",0,0,0,0,0,0,0,0,0,0,0,"none","none"
32,"午餐",0,"W1=0|W2=0|W3=0|W4=0|W5=0",0,0,0,0,0,0,0,0,0,0,0,"none","none"
33,"午餐",0,"W1=0|W2=0|W3=0|W4=0|W5=0",0,0,0,0,0,0,0,0,0,0,0,"none","none"
34,"午餐",0,"W1=0|W2=0|W3=0|W4=0|W5=0",0,0,0,0,0,0,0,0,0,0,0,"none","none"
35,"午餐",0,"W1=0|W2=0|W3=0|W4=0|W5=0",0,0,0,0,0,0,0,0,0,0,0,"none","none"
36,"午餐",0,"W1=0|W2=0|W3=0|W4=0|W5=0",0,0,0,0,0,0,0,0,0,0,0,"none","none"
37,"午餐",0,"W1=0|W2=0|W3=0|W4=0|W5=0",0,0,0,0,0,0,0,0,0,0,0,"none","none"
38,"午餐",0,"W1=0|W2=0|W3=0|W4=0|W5=0",0,0,0,0,0,0,0,0,0,0,0,"none","none"
39,"午餐",0,"W1=0|W2=0|W3=0|W4=0|W5=0",0,0,0,0,0,0,0,0,0,0,0,"none","none"
40,"午餐",0,"W1=0|W2=0|W3=0|W4=0|W5=0",0,0,0,0,0,0,0,0,0,0,0,"none","none"
41,"午餐",0,"W1=0|W2=0|W3=0|W4=0|W5=0",0,0,0,0,0,0,0,0,0,0,0,"none","none"
42,"午餐",0,"W1=0|W2=0|W3=0|W4=0|W5=0",0,0,0,0,0,0,0,0,0,0,0,"none","none"
43,"午餐",0,"W1=0|W2=0|W3=0|W4=0|W5=0",0,0,0,0,0,0,0,0,0,0,0,"none","none"
44,"午餐",0,"W1=0|W2=0|W3=0|W4=0|W5=0",0,0,0,0,0,0,0,0,0,0,0,"none","none"
45,"午餐",0,"W1=0|W2=0|W3=0|W4=0|W5=0",0,0,0,0,0,0,0,0,0,0,0,"none","none"
46,"午餐",0,"W1=0|W2=0|W3=0|W4=0|W5=0",0,0,0,0,0,0,0,0,0,0,0,"none","none"
47,"午餐",0,"W1=0|W2=0|W3=0|W4=0|W5=0",0,0,0,0,0,0,0,0,0,0,0,"none","none"
48,"午餐",0,"W1=0|W2=0|W3=0|W4=0|W5=0",0,0,0,0,0,0,0,0,0,0,0,"none","none"
49,"午餐",0,"W1=0|W2=0|W3=0|W4=0|W5=0",0,0,0,0,0,0,0,0,0,0,0,"none","none"
50,"午餐",0,"W1=0|W2=0|W3=0|W4=0|W5=0",0,0,0,0,0,0,0,0,0,0,0,"none","none"
51,"午餐",0,"W1=0|W2=0|W3=0|W4=0|W5=0",0,0,0,0,0,0,0,0,0,0,0,"none","none"
52,"午餐",0,"W1=0|W2=0|W3=0|W4=0|W5=0",0,0,0,0,0,0,0,0,0,0,0,"none","none"
53,"午餐",0,"W1=0|W2=0|W3=0|W4=0|W5=0",0,0,0,0,0,0,0,0,0,0,0,"none","none"
54,"午餐",0,"W1=0|W2=0|W3=0|W4=0|W5=0",0,0,0,0,0,0,0,0,0,0,0,"none","none"
55,"午餐",0,"W1=0|W2=0|W3=0|W4=0|W5=0",0,0,0,0,0,0,0,0,0,0,0,"none","none"
56,"午餐",0,"W1=0|W2=0|W3=0|W4=0|W5=0",0,0,0,0,0,0,0,0,0,0,0,"none","none"
57,"午餐",0,"W1=0|W2=0|W3=0|W4=0|W5=0",0,0,0,0,0,0,0,0,0,0,0,"none","none"
58,"午餐",0,"W1=0|W2=0|W3=0|W4=0|W5=0",0,0,0,0,0,0,0,0,0,0,0,"none","none"
59,"午餐",0,"W1=0|W2=0|W3=0|W4=0|W5=0",0,0,0,0,0,0,0,0,0,0,0,"none","none"
60,"午餐",0,"W1=0|W2=0|W3=0|W4=0|W5=0",0,0,0,0,0,0,0,0,0,0,0,"none","none"
61,"午餐",0,"W1=0|W2=0|W3=0|W4=0|W5=0",0,0,0,0,0,0,0,0,0,0,0,"none","none"
62,"午餐",0,"W1=0|W2=0|W3=0|W4=0|W5=0",0,0,0,0,0,0,0,0,0,0,0,"none","none"
63,"午餐",0,"W1=0|W2=0|W3=0|W4=0|W5=0",0,0,0,0,0,0,0,0,0,0,0,"none","none"
64,"午餐",0,"W1=0|W2=0|W3=0|W4=0|W5=0",0,0,0,0,0,0,0,0,0,0,0,"none","none"
65,"午餐",0,"W1=0|W2=0|W3=0|W4=0|W5=0",0,0,0,0,0,0,0,0,0,0,0,"none","none"
66,"午餐",0,"W1=0|W2=0|W3=0|W4=0|W5=0",0,0,0,0,0,0,0,0,0,0,0,"none","none"
67,"午餐",0,"W1=0|W2=0|W3=0|W4=0|W5=0",0,0,0,0,0,0,0,0,0,0,0,"none","none"
68,"午餐",0,"W1=0|W2=0|W3=0|W4=0|W5=0",0,0,0,0,0,0,0,0,0,0,0,"none","none"
69,"午餐",0,"W1=0|W2=0|W3=0|W4=0|W5=0",0,0,0,0,0,0,0,0,0,0,0,"none","none"
70,"午餐",0,"W1=0|W2=0|W3=0|W4=0|W5=0",0,0,0,0,0,0,0,0,0,0,0,"none","none"
71,"午餐",0,"W1=0|W2=0|W3=0|W4=0|W5=0",0,0,0,0,0,0,0,0,0,0,0,"none","none"
72,"午餐",0,"W1=0|W2=0|W3=0|W4=0|W5=0",0,0,0,0,0,0,0,0,0,0,0,"none","none"
73,"午餐",0,"W1=0|W2=0|W3=0|W4=0|W5=0",0,0,0,0,0,0,0,0,0,0,0,"none","none"
74,"午餐",0,"W1=0|W2=0|W3=0|W4=0|W5=0",0,0,0,0,0,0,0,0,0,0,0,"none","none"
75,"午餐",0,"W1=0|W2=0|W3=0|W4=0|W5=0",0,0,0,0,0,0,0,0,0,0,0,"none","none"
76,"午餐",0,"W1=0|W2=0|W3=0|W4=0|W5=0",0,0,0,0,0,0,0,0,0,0,0,"none","none"
77,"午餐",0,"W1=0|W2=0|W3=0|W4=0|W5=0",0,0,0,0,0,0,0,0,0,0,0,"none","none"
78,"午餐",0,"W1=0|W2=0|W3=0|W4=0|W5=0",0,0,0,0,0,0,0,0,0,0,0,"none","none"
79,"午餐",0,"W1=0|W2=0|W3=0|W4=0|W5=0",0,0,0,0,0,0,0,0,0,0,0,"none","none"
80,"午餐",0,"W1=0|W2=0|W3=0|W4=0|W5=0",0,0,0,0,0,0,0,0,0,0,0,"none","none"
81,"午餐",0,"W1=0|W2=0|W3=0|W4=0|W5=0",0,0,0,0,0,0,0,0,0,0,0,"none","none"
82,"午餐",0,"W1=0|W2=0|W3=0|W4=0|W5=0",0,0,0,0,0,0,0,0,0,0,0,"none","none"
83,"午餐",0,"W1=0|W2=0|W3=0|W4=0|W5=0",0,0,0,0,0,0,0,0,0,0,0,"none","none"
84,"午餐",0,"W1=0|W2=0|W3=0|W4=0|W5=0",0,0,0,0,0,0,0,0,0,0,0,"none","none"
85,"午餐",0,"W1=0|W2=0|W3=0|W4=0|W5=0",0,0,0,0,0,0,0,0,0,0,0,"none","none"
86,"午餐",0,"W1=0|W2=0|W3=0|W4=0|W5=0",0,0,0,0,0,0,0,0,0,0,0,"none","none"
87,"午餐",0,"W1=0|W2=0|W3=0|W4=0|W5=0",0,0,0,0,0,0,0,0,0,0,0,"none","none"
88,"午餐",0,"W1=0|W2=0|W3=0|W4=0|W5=0",0,0,0,0,0,0,0,0,0,0,0,"none","none"
89,"午餐",0,"W1=0|W2=0|W3=0|W4=0|W5=0",0,0,0,0,0,0,0,0,0,0,0,"none","none"
90,"午餐",0,"W1=0|W2=0|W3=0|W4=0|W5=0",0,0,0,0,0,0,0,0,0,0,0,"none","none"
91,"午餐",0,"W1=0|W2=0|W3=0|W4=0|W5=0",0,0,0,0,0,0,0,0,0,0,0,"none","none"
92,"午餐",0,"W1=0|W2=0|W3=0|W4=0|W5=0",0,0,0,0,0,0,0,0,0,0,0,"none","none"
93,"午餐",0,"W1=0|W2=0|W3=0|W4=0|W5=0",0,0,0,0,0,0,0,0,0,0,0,"none","none"
94,"午餐",0,"W1=0|W2=0|W3=0|W4=0|W5=0",0,0,0,0,0,0,0,0,0,0,0,"none","none"
95,"午餐",0,"W1=0|W2=0|W3=0|W4=0|W5=0",0,0,0,0,0,0,0,0,0,0,0,"none","none"
96,"午餐",0,"W1=0|W2=0|W3=0|W4=0|W5=0",0,0,0,0,0,0,0,0,0,0,0,"none","none"
97,"午餐",0,"W1=0|W2=0|W3=0|W4=0|W5=0",0,0,0,0,0,0,0,0,0,0,0,"none","none"
98,"午餐",0,"W1=0|W2=0|W3=0|W4=0|W5=0",0,0,0,0,0,0,0,0,0,0,0,"none","none"
99,"午餐",0,"W1=0|W2=0|W3=0|W4=0|W5=0",0,0,0,0,0,0,0,0,0,0,0,"none","none"
100,"午餐",0,"W1=0|W2=0|W3=0|W4=0|W5=0",0,0,0,0,0,0,0,0,0,0,0,"none","none"
101,"午餐",0,"W1=0|W2=0|W3=0|W4=0|W5=0",0,0,0,0,0,0,0,0,0,0,0,"none","none"
102,"午餐",0,"W1=0|W2=0|W3=0|W4=0|W5=0",0,0,0,0,0,0,0,0,0,0,0,"none","none"
103,"午餐",0,"W1=0|W2=0|W3=0|W4=0|W5=0",0,0,0,0,0,0,0,0,0,0,0,"none","none"
104,"午餐",0,"W1=0|W2=0|W3=0|W4=0|W5=0",0,0,0,0,0,0,0,0,0,0,0,"none","none"
105,"午餐",0,"W1=0|W2=0|W3=0|W4=0|W5=0",0,0,0,0,0,0,0,0,0,0,0,"none","none"
106,"午餐",0,"W1=0|W2=0|W3=0|W4=0|W5=0",0,0,0,0,0,0,0,0,0,0,0,"none","none"
107,"午餐",0,"W1=0|W2=0|W3=0|W4=0|W5=0",0,0,0,0,0,0,0,0,0,0,0,"none","none"
108,"午餐",0,"W1=0|W2=0|W3=0|W4=0|W5=0",0,0,0,0,0,0,0,0,0,0,0,"none","none"
109,"午餐",0,"W1=0|W2=0|W3=0|W4=0|W5=0",0,0,0,0,0,0,0,0,0,0,0,"none","none"
110,"午餐",0,"W1=0|W2=0|W3=0|W4=0|W5=0",0,0,0,0,0,0,0,0,0,0,0,"none","none"
111,"午餐",0,"W1=0|W2=0|W3=0|W4=0|W5=0",0,0,0,0,0,0,0,0,0,0,0,"none","none"
112,"午餐",0,"W1=0|W2=0|W3=0|W4=0|W5=0",0,0,0,0,0,0,0,0,0,0,0,"none","none"
113,"午餐",0,"W1=0|W2=0|W3=0|W4=0|W5=0",0,0,0,0,0,0,0,0,0,0,0,"none","none"
114,"午餐",0,"W1=0|W2=0|W3=0|W4=0|W5=0",0,0,0,0,0,0,0,0,0,0,0,"none","none"
115,"午餐",0,"W1=0|W2=0|W3=0|W4=0|W5=0",0,0,0,0,0,0,0,0,0,0,0,"none","none"
116,"午餐",0,"W1=0|W2=0|W3=0|W4=0|W5=0",0,0,0,0,0,0,0,0,0,0,0,"none","none"
117,"午餐",0,"W1=0|W2=0|W3=0|W4=0|W5=0",0,0,0,0,0,0,0,0,0,0,0,"none","none"
118,"午餐",0,"W1=0|W2=0|W3=0|W4=0|W5=0",0,0,0,0,0,0,0,0,0,0,0,"none","none"
119,"午餐",0,"W1=0|W2=0|W3=0|W4=0|W5=0",0,0,0,0,0,0,0,0,0,0,0,"none","none"
120,"午餐",0,"W1=0|W2=0|W3=0|W4=0|W5=0",0,0,0,0,0,0,0,0,0,0,0,"none","none"
121,"午餐",0,"W1=0|W2=0|W3=0|W4=0|W5=0",0,0,0,0,0,0,0,0,0,0,0,"none","none"
122,"午餐",0,"W1=0|W2=0|W3=0|W4=0|W5=0",0,0,0,0,0,0,0,0,0,0,0,"none","none"
123,"午餐",0,"W1=0|W2=0|W3=0|W4=0|W5=0",0,0,0,0,0,0,0,0,0,0,0,"none","none"
124,"午餐",0,"W1=0|W2=0|W3=0|W4=0|W5=0",0,0,0,0,0,0,0,0,0,0,0,"none","none"
125,"午餐",0,"W1=0|W2=0|W3=0|W4=0|W5=0",0,0,0,0,0,0,0,0,0,0,0,"none","none"
126,"午餐",0,"W1=0|W2=0|W3=0|W4=0|W5=0",0,0,0,0,0,0,0,0,0,0,0,"none","none"
127,"午餐",0,"W1=0|W2=0|W3=0|W4=0|W5=0",0,0,0,0,0,0,0,0,0,0,0,"none","none"
128,"午餐",0,"W1=0|W2=0|W3=0|W4=0|W5=0",0,0,0,0,0,0,0,0,0,0,0,"none","none"
129,"午餐",0,"W1=0|W2=0|W3=0|W4=0|W5=0",0,0,0,0,0,0,0,0,0,0,0,"none","none"
130,"午餐",0,"W1=0|W2=0|W3=0|W4=0|W5=0",0,0,0,0,0,0,0,0,0,0,0,"none","none"
131,"午餐",0,"W1=0|W2=0|W3=0|W4=0|W5=0",0,0,0,0,0,0,0,0,0,0,0,"none","none"
132,"午餐",0,"W1=0|W2=0|W3=0|W4=0|W5=0",0,0,0,0,0,0,0,0,0,0,0,"none","none"
133,"午餐",0,"W1=0|W2=0|W3=0|W4=0|W5=0",0,0,0,0,0,0,0,0,0,0,0,"none","none"
134,"午餐",0,"W1=0|W2=0|W3=0|W4=0|W5=0",0,0,0,0,0,0,0,0,0,0,0,"none","none"
135,"午餐",0,"W1=0|W2=0|W3=0|W4=0|W5=0",0,0,0,0,0,0,0,0,0,0,0,"none","none"
136,"午餐",0,"W1=0|W2=0|W3=0|W4=0|W5=0",0,0,0,0,0,0,0,0,0,0,0,"none","none"
137,"午餐",0,"W1=0|W2=0|W3=0|W4=0|W5=0",0,0,0,0,0,0,0,0,0,0,0,"none","none"
138,"午餐",0,"W1=0|W2=0|W3=0|W4=0|W5=0",0,0,0,0,0,0,0,0,0,0,0,"none","none"
139,"午餐",0,"W1=0|W2=0|W3=0|W4=0|W5=0",0,0,0,0,0,0,0,0,0,0,0,"none","none"
140,"午餐",0,"W1=0|W2=0|W3=0|W4=0|W5=0",0,0,0,0,0,0,0,0,0,0,0,"none","none"
141,"午餐",0,"W1=0|W2=0|W3=0|W4=0|W5=0",0,0,0,0,0,0,0,0,0,0,0,"none","none"
142,"午餐",0,"W1=0|W2=0|W3=0|W4=0|W5=0",0,0,0,0,0,0,0,0,0,0,0,"none","none"
143,"午餐",0,"W1=0|W2=0|W3=0|W4=0|W5=0",0,0,0,0,0,0,0,0,0,0,0,"none","none"
144,"午餐",0,"W1=0|W2=0|W3=0|W4=0|W5=0",0,0,0,0,0,0,0,0,0,0,0,"none","none"
145,"午餐",0,"W1=0|W2=0|W3=0|W4=0|W5=0",0,0,0,0,0,0,0,0,0,0,0,"none","none"
146,"午餐",0,"W1=0|W2=0|W3=0|W4=0|W5=0",0,0,0,0,0,0,0,0,0,0,0,"none","none"
147,"午餐",0,"W1=0|W2=0|W3=0|W4=0|W5=0",0,0,0,0,0,0,0,0,0,0,0,"none","none"
148,"午餐",0,"W1=0|W2=0|W3=0|W4=0|W5=0",0,0,0,0,0,0,0,0,0,0,0,"none","none"
149,"午餐",0,"W1=0|W2=0|W3=0|W4=0|W5=0",0,0,0,0,0,0,0,0,0,0,0,"none","none"
150,"午餐",0,"W1=0|W2=0|W3=0|W4=0|W5=0",0,0,0,0,0,0,0,0,0,0,0,"none","none"
151,"午餐",0,"W1=0|W2=0|W3=0|W4=0|W5=0",0,0,0,0,0,0,0,0,0,0,0,"none","none"
152,"午餐",0,"W1=0|W2=0|W3=0|W4=0|W5=0",0,0,0,0,0,0,0,0,0,0,0,"none","none"
153,"午餐",0,"W1=0|W2=0|W3=0|W4=0|W5=0",0,0,0,0,0,0,0,0,0,0,0,"none","none"
154,"午餐",0,"W1=0|W2=0|W3=0|W4=0|W5=0",0,0,0,0,0,0,0,0,0,0,0,"none","none"
155,"午餐",0,"W1=0|W2=0|W3=0|W4=0|W5=0",0,0,0,0,0,0,0,0,0,0,0,"none","none"
156,"午餐",0,"W1=0|W2=0|W3=0|W4=0|W5=0",0,0,0,0,0,0,0,0,0,0,0,"none","none"
157,"午餐",0,"W1=0|W2=0|W3=0|W4=0|W5=0",0,0,0,0,0,0,0,0,0,0,0,"none","none"
158,"午餐",0,"W1=0|W2=0|W3=0|W4=0|W5=0",0,0,0,0,0,0,0,0,0,0,0,"none","none"
159,"午餐",0,"W1=0|W2=0|W3=0|W4=0|W5=0",0,0,0,0,0,0,0,0,0,0,0,"none","none"
160,"午餐",0,"W1=0|W2=0|W3=0|W4=0|W5=0",0,0,0,0,0,0,0,0,0,0,0,"none","none"
161,"午餐",0,"W1=0|W2=0|W3=0|W4=0|W5=0",0,0,0,0,0,0,0,0,0,0,0,"none","none"
162,"午餐",0,"W1=0|W2=0|W3=0|W4=0|W5=0",0,0,0,0,0,0,0,0,0,0,0,"none","none"
163,"午餐",0,"W1=0|W2=0|W3=0|W4=0|W5=0",0,0,0,0,0,0,0,0,0,0,0,"none","none"
164,"午餐",0,"W1=0|W2=0|W3=0|W4=0|W5=0",0,0,0,0,0,0,0,0,0,0,0,"none","none"
165,"午餐",0,"W1=0|W2=0|W3=0|W4=0|W5=0",0,0,0,0,0,0,0,0,0,0,0,"none","none"
166,"午餐",0,"W1=0|W2=0|W3=0|W4=0|W5=0",0,0,0,0,0,0,0,0,0,0,0,"none","none"
167,"午餐",0,"W1=0|W2=0|W3=0|W4=0|W5=0",0,0,0,0,0,0,0,0,0,0,0,"none","none"
168,"午餐",0,"W1=0|W2=0|W3=0|W4=0|W5=0",0,0,0,0,0,0,0,0,0,0,0,"none","none"
169,"午餐",0,"W1=0|W2=0|W3=0|W4=0|W5=0",0,0,0,0,0,0,0,0,0,0,0,"none","none"
170,"午餐",0,"W1=0|W2=0|W3=0|W4=0|W5=0",0,0,0,0,0,0,0,0,0,0,0,"none","none"
171,"午餐",0,"W1=0|W2=0|W3=0|W4=0|W5=0",0,0,0,0,0,0,0,0,0,0,0,"none","none"
172,"午餐",0,"W1=0|W2=0|W3=0|W4=0|W5=0",0,0,0,0,0,0,0,0,0,0,0,"none","none"
173,"午餐",0,"W1=0|W2=0|W3=0|W4=0|W5=0",0,0,0,0,0,0,0,0,0,0,0,"none","none"
174,"午餐",0,"W1=0|W2=0|W3=0|W4=0|W5=0",0,0,0,0,0,0,0,0,0,0,0,"none","none"
175,"午餐",0,"W1=0|W2=0|W3=0|W4=0|W5=0",0,0,0,0,0,0,0,0,0,0,0,"none","none"
176,"午餐",0,"W1=0|W2=0|W3=0|W4=0|W5=0",0,0,0,0,0,0,0,0,0,0,0,"none","none"
177,"午餐",0,"W1=0|W2=0|W3=0|W4=0|W5=0",0,0,0,0,0,0,0,0,0,0,0,"none","none"
178,"午餐",0,"W1=0|W2=0|W3=0|W4=0|W5=0",0,0,0,0,0,0,0,0,0,0,0,"none","none"
179,"午餐",0,"W1=0|W2=0|W3=0|W4=0|W5=0",0,0,0,0,0,0,0,0,0,0,0,"none","none"
180,"午餐",0,"W1=0|W2=0|W3=0|W4=0|W5=0",0,0,0,0,0,0,0,0,0,0,0,"none","none"
181,"午餐",0,"W1=0|W2=0|W3=0|W4=0|W5=0",0,0,0,0,0,0,0,0,0,0,0,"none","none"
182,"午餐",0,"W1=0|W2=0|W3=0|W4=0|W5=0",0,0,0,0,0,0,0,0,0,0,0,"none","none"
183,"午餐",0,"W1=0|W2=0|W3=0|W4=0|W5=0",0,0,0,0,0,0,0,0,0,0,0,"none","none"
184,"午餐",0,"W1=0|W2=0|W3=0|W4=0|W5=0",0,0,0,0,0,0,0,0,0,0,0,"none","none"
185,"午餐",0,"W1=0|W2=0|W3=0|W4=0|W5=0",0,0,0,0,0,0,0,0,0,0,0,"none","none"
186,"午餐",0,"W1=0|W2=0|W3=0|W4=0|W5=0",0,0,0,0,0,0,0,0,0,0,0,"none","none"
187,"午餐",0,"W1=0|W2=0|W3=0|W4=0|W5=0",0,0,0,0,0,0,0,0,0,0,0,"none","none"
188,"午餐",0,"W1=0|W2=0|W3=0|W4=0|W5=0",0,0,0,0,0,0,0,0,0,0,0,"none","none"
189,"午餐",0,"W1=0|W2=0|W3=0|W4=0|W5=0",0,0,0,0,0,0,0,0,0,0,0,"none","none"
190,"午餐",0,"W1=0|W2=0|W3=0|W4=0|W5=0",0,0,0,0,0,0,0,0,0,0,0,"none","none"
191,"午餐",0,"W1=0|W2=0|W3=0|W4=0|W5=0",0,0,0,0,0,0,0,0,0,0,0,"none","none"
192,"午餐",0,"W1=0|W2=0|W3=0|W4=0|W5=0",0,0,0,0,0,0,0,0,0,0,0,"none","none"
193,"午餐",0,"W1=0|W2=0|W3=0|W4=0|W5=0",0,0,0,0,0,0,0,0,0,0,0,"none","none"
194,"午餐",0,"W1=0|W2=0|W3=0|W4=0|W5=0",0,0,0,0,0,0,0,0,0,0,0,"none","none"
195,"午餐",0,"W1=0|W2=0|W3=0|W4=0|W5=0",0,0,0,0,0,0,0,0,0,0,0,"none","none"
196,"午餐",0,"W1=0|W2=0|W3=0|W4=0|W5=0",0,0,0,0,0,0,0,0,0,0,0,"none","none"
197,"午餐",0,"W1=0|W2=0|W3=0|W4=0|W5=0",0,0,0,0,0,0,0,0,0,0,0,"none","none"
198,"午餐",0,"W1=0|W2=0|W3=0|W4=0|W5=0",0,0,0,0,0,0,0,0,0,0,0,"none","none"
199,"午餐",0,"W1=0|W2=0|W3=0|W4=0|W5=0",0,0,0,0,0,0,0,0,0,0,0,"none","none"
200,"午餐",0,"W1=0|W2=0|W3=0|W4=0|W5=0",0,0,0,0,0,0,0,0,0,0,0,"none","none"
201,"午餐",0,"W1=0|W2=0|W3=0|W4=0|W5=0",0,0,0,0,0,0,0,0,0,0,0,"none","none"
202,"午餐",0,"W1=0|W2=0|W3=0|W4=0|W5=0",0,0,0,0,0,0,0,0,0,0,0,"none","none"
203,"午餐",0,"W1=0|W2=0|W3=0|W4=0|W5=0",0,0,0,0,0,0,0,0,0,0,0,"none","none"
204,"午餐",0,"W1=0|W2=0|W3=0|W4=0|W5=0",0,0,0,0,0,0,0,0,0,0,0,"none","none"
205,"午餐",0,"W1=0|W2=0|W3=0|W4=0|W5=0",0,0,0,0,0,0,0,0,0,0,0,"none","none"
206,"午餐",0,"W1=0|W2=0|W3=0|W4=0|W5=0",0,0,0,0,0,0,0,0,0,0,0,"none","none"
207,"午餐",0,"W1=0|W2=0|W3=0|W4=0|W5=0",0,0,0,0,0,0,0,0,0,0,0,"none","none"
208,"午餐",0,"W1=0|W2=0|W3=0|W4=0|W5=0",0,0,0,0,0,0,0,0,0,0,0,"none","none"
209,"午餐",0,"W1=0|W2=0|W3=0|W4=0|W5=0",0,0,0,0,0,0,0,0,0,0,0,"none","none"
210,"午餐",0,"W1=0|W2=0|W3=0|W4=0|W5=0",0,0,0,0,0,0,0,0,0,0,0,"none","none"
211,"午餐",0,"W1=0|W2=0|W3=0|W4=0|W5=0",0,0,0,0,0,0,0,0,0,0,0,"none","none"
212,"午餐",0,"W1=0|W2=0|W3=0|W4=0|W5=0",0,0,0,0,0,0,0,0,0,0,0,"none","none"
213,"午餐",0,"W1=0|W2=0|W3=0|W4=0|W5=0",0,0,0,0,0,0,0,0,0,0,0,"none","none"
214,"午餐",0,"W1=0|W2=0|W3=0|W4=0|W5=0",0,0,0,0,0,0,0,0,0,0,0,"none","none"
215,"午餐",0,"W1=0|W2=0|W3=0|W4=0|W5=0",0,0,0,0,0,0,0,0,0,0,0,"none","none"
216,"午餐",0,"W1=0|W2=0|W3=0|W4=0|W5=0",0,0,0,0,0,0,0,0,0,0,0,"none","none"
217,"午餐",0,"W1=0|W2=0|W3=0|W4=0|W5=0",0,0,0,0,0,0,0,0,0,0,0,"none","none"
218,"午餐",0,"W1=0|W2=0|W3=0|W4=0|W5=0",0,0,0,0,0,0,0,0,0,0,0,"none","none"
219,"午餐",0,"W1=0|W2=0|W3=0|W4=0|W5=0",0,0,0,0,0,0,0,0,0,0,0,"none","none"
220,"午餐",0,"W1=0|W2=0|W3=0|W4=0|W5=0",0,0,0,0,0,0,0,0,0,0,0,"none","none"
221,"午餐",0,"W1=0|W2=0|W3=0|W4=0|W5=0",0,0,0,0,0,0,0,0,0,0,0,"none","none"
222,"午餐",0,"W1=0|W2=0|W3=0|W4=0|W5=0",0,0,0,0,0,0,0,0,0,0,0,"none","none"
223,"午餐",0,"W1=0|W2=0|W3=0|W4=0|W5=0",0,0,0,0,0,0,0,0,0,0,0,"none","none"
224,"午餐",0,"W1=0|W2=0|W3=0|W4=0|W5=0",0,0,0,0,0,0,0,0,0,0,0,"none","none"
225,"午餐",0,"W1=0|W2=0|W3=0|W4=0|W5=0",0,0,0,0,0,0,0,0,0,0,0,"none","none"
226,"午餐",0,"W1=0|W2=0|W3=0|W4=0|W5=0",0,0,0,0,0,0,0,0,0,0,0,"none","none"
227,"午餐",0,"W1=0|W2=0|W3=0|W4=0|W5=0",0,0,0,0,0,0,0,0,0,0,0,"none","none"
228,"午餐",0,"W1=0|W2=0|W3=0|W4=0|W5=0",0,0,0,0,0,0,0,0,0,0,0,"none","none"
229,"午餐",0,"W1=0|W2=0|W3=0|W4=0|W5=0",0,0,0,0,0,0,0,0,0,0,0,"none","none"
230,"午餐",0,"W1=0|W2=0|W3=0|W4=0|W5=0",0,0,0,0,0,0,0,0,0,0,0,"none","none"
231,"午餐",0,"W1=0|W2=0|W3=0|W4=0|W5=0",0,0,0,0,0,0,0,0,0,0,0,"none","none"
232,"午餐",0,"W1=0|W2=0|W3=0|W4=0|W5=0",0,0,0,0,0,0,0,0,0,0,0,"none","none"
233,"午餐",0,"W1=0|W2=0|W3=0|W4=0|W5=0",0,0,0,0,0,0,0,0,0,0,0,"none","none"
234,"午餐",0,"W1=0|W2=0|W3=0|W4=0|W5=0",0,0,0,0,0,0,0,0,0,0,0,"none","none"
235,"午餐",0,"W1=0|W2=0|W3=0|W4=0|W5=0",0,0,0,0,0,0,0,0,0,0,0,"none","none"
236,"午餐",0,"W1=0|W2=0|W3=0|W4=0|W5=0",0,0,0,0,0,0,0,0,0,0,0,"none","none"
237,"午餐",0,"W1=0|W2=0|W3=0|W4=0|W5=0",0,0,0,0,0,0,0,0,0,0,0,"none","none"
238,"午餐",0,"W1=0|W2=0|W3=0|W4=0|W5=0",0,0,0,0,0,0,0,0,0,0,0,"none","none"
239,"午餐",0,"W1=0|W2=0|W3=0|W4=0|W5=0",0,0,0,0,0,0,0,0,0,0,0,"none","none"
240,"午餐",0,"W1=0|W2=0|W3=0|W4=0|W5=0",0,0,0,0,0,0,0,0,0,0,0,"none","none"
241,"午餐",0,"W1=0|W2=0|W3=0|W4=0|W5=0",0,0,0,0,0,0,0,0,0,0,0,"none","none"
242,"午餐",0,"W1=0|W2=0|W3=0|W4=0|W5=0",0,0,0,0,0,0,0,0,0,0,0,"none","none"
243,"午餐",0,"W1=0|W2=0|W3=0|W4=0|W5=0",0,0,0,0,0,0,0,0,0,0,0,"none","none"
244,"午餐",0,"W1=0|W2=0|W3=0|W4=0|W5=0",0,0,0,0,0,0,0,0,0,0,0,"none","none"
245,"午餐",0,"W1=0|W2=0|W3=0|W4=0|W5=0",0,0,0,0,0,0,0,0,0,0,0,"none","none"
246,"午餐",0,"W1=0|W2=0|W3=0|W4=0|W5=0",0,0,0,0,0,0,0,0,0,0,0,"none","none"
247,"午餐",0,"W1=0|W2=0|W3=0|W4=0|W5=0",0,0,0,0,0,0,0,0,0,0,0,"none","none"
248,"午餐",0,"W1=0|W2=0|W3=0|W4=0|W5=0",0,0,0,0,0,0,0,0,0,0,0,"none","none"
249,"午餐",0,"W1=0|W2=0|W3=0|W4=0|W5=0",0,0,0,0,0,0,0,0,0,0,0,"none","none"
250,"午餐",0,"W1=0|W2=0|W3=0|W4=0|W5=0",0,0,0,0,0,0,0,0,0,0,0,"none","none"
251,"午餐",0,"W1=0|W2=0|W3=0|W4=0|W5=0",0,0,0,0,0,0,0,0,0,0,0,"none","none"
252,"午餐",0,"W1=0|W2=0|W3=0|W4=0|W5=0",0,0,0,0,0,0,0,0,0,0,0,"none","none"
253,"午餐",0,"W1=0|W2=0|W3=0|W4=0|W5=0",0,0,0,0,0,0,0,0,0,0,0,"none","none"
254,"午餐",0,"W1=0|W2=0|W3=0|W4=0|W5=0",0,0,0,0,0,0,0,0,0,0,0,"none","none"
255,"午餐",0,"W1=0|W2=0|W3=0|W4=0|W5=0",0,0,0,0,0,0,0,0,0,0,0,"none","none"
256,"午餐",0,"W1=0|W2=0|W3=0|W4=0|W5=0",0,0,0,0,0,0,0,0,0,0,0,"none","none"
257,"午餐",0,"W1=0|W2=0|W3=0|W4=0|W5=0",0,0,0,0,0,0,0,0,0,0,0,"none","none"
258,"午餐",0,"W1=0|W2=0|W3=0|W4=0|W5=0",0,0,0,0,0,0,0,0,0,0,0,"none","none"
259,"午餐",0,"W1=0|W2=0|W3=0|W4=0|W5=0",0,0,0,0,0,0,0,0,0,0,0,"none","none"
260,"午餐",0,"W1=0|W2=0|W3=0|W4=0|W5=0",0,0,0,0,0,0,0,0,0,0,0,"none","none"
261,"午餐",0,"W1=0|W2=0|W3=0|W4=0|W5=0",0,0,0,0,0,0,0,0,0,0,0,"none","none"
262,"午餐",0,"W1=0|W2=0|W3=0|W4=0|W5=0",0,0,0,0,0,0,0,0,0,0,0,"none","none"
263,"午餐",0,"W1=0|W2=0|W3=0|W4=0|W5=0",0,0,0,0,0,0,0,0,0,0,0,"none","none"
264,"午餐",0,"W1=0|W2=0|W3=0|W4=0|W5=0",0,0,0,0,0,0,0,0,0,0,0,"none","none"
265,"午餐",0,"W1=0|W2=0|W3=0|W4=0|W5=0",0,0,0,0,0,0,0,0,0,0,0,"none","none"
266,"午餐",0,"W1=0|W2=0|W3=0|W4=0|W5=0",0,0,0,0,0,0,0,0,0,0,0,"none","none"
267,"午餐",0,"W1=0|W2=0|W3=0|W4=0|W5=0",0,0,0,0,0,0,0,0,0,0,0,"none","none"
268,"午餐",0,"W1=0|W2=0|W3=0|W4=0|W5=0",0,0,0,0,0,0,0,0,0,0,0,"none","none"
269,"午餐",0,"W1=0|W2=0|W3=0|W4=0|W5=0",0,0,0,0,0,0,0,0,0,0,0,"none","none"
270,"午餐",0,"W1=0|W2=0|W3=0|W4=0|W5=0",0,0,0,0,0,0,0,0,0,0,0,"none","none"
271,"午餐",0,"W1=0|W2=0|W3=0|W4=0|W5=0",0,0,0,0,0,0,0,0,0,0,0,"none","none"
272,"午餐",0,"W1=0|W2=0|W3=0|W4=0|W5=0",0,0,0,0,0,0,0,0,0,0,0,"none","none"
273,"午餐",0,"W1=0|W2=0|W3=0|W4=0|W5=0",0,0,0,0,0,0,0,0,0,0,0,"none","none"
274,"午餐",0,"W1=0|W2=0|W3=0|W4=0|W5=0",0,0,0,0,0,0,0,0,0,0,0,"none","none"
275,"午餐",0,"W1=0|W2=0|W3=0|W4=0|W5=0",0,0,0,0,0,0,0,0,0,0,0,"none","none"
276,"午餐",0,"W1=0|W2=0|W3=0|W4=0|W5=0",0,0,0,0,0,0,0,0,0,0,0,"none","none"
277,"午餐",0,"W1=0|W2=0|W3=0|W4=0|W5=0",0,0,0,0,0,0,0,0,0,0,0,"none","none"
278,"午餐",0,"W1=0|W2=0|W3=0|W4=0|W5=0",0,0,0,0,0,0,0,0,0,0,0,"none","none"
279,"午餐",0,"W1=0|W2=0|W3=0|W4=0|W5=0",0,0,0,0,0,0,0,0,0,0,0,"none","none"
280,"午餐",0,"W1=0|W2=0|W3=0|W4=0|W5=0",0,0,0,0,0,0,0,0,0,0,0,"none","none"
281,"午餐",0,"W1=0|W2=0|W3=0|W4=0|W5=0",0,0,0,0,0,0,0,0,0,0,0,"none","none"
282,"午餐",0,"W1=0|W2=0|W3=0|W4=0|W5=0",0,0,0,0,0,0,0,0,0,0,0,"none","none"
283,"午餐",0,"W1=0|W2=0|W3=0|W4=0|W5=0",0,0,0,0,0,0,0,0,0,0,0,"none","none"
284,"午餐",0,"W1=0|W2=0|W3=0|W4=0|W5=0",0,0,0,0,0,0,0,0,0,0,0,"none","none"
285,"午餐",0,"W1=0|W2=0|W3=0|W4=0|W5=0",0,0,0,0,0,0,0,0,0,0,0,"none","none"
286,"午餐",0,"W1=0|W2=0|W3=0|W4=0|W5=0",0,0,0,0,0,0,0,0,0,0,0,"none","none"
287,"午餐",0,"W1=0|W2=0|W3=0|W4=0|W5=0",0,0,0,0,0,0,0,0,0,0,0,"none","none"
288,"午餐",0,"W1=0|W2=0|W3=0|W4=0|W5=0",0,0,0,0,0,0,0,0,0,0,0,"none","none"
289,"午餐",0,"W1=0|W2=0|W3=0|W4=0|W5=0",0,0,0,0,0,0,0,0,0,0,0,"none","none"
290,"午餐",0,"W1=0|W2=0|W3=0|W4=0|W5=0",0,0,0,0,0,0,0,0,0,0,0,"none","none"
291,"午餐",0,"W1=0|W2=0|W3=0|W4=0|W5=0",0,0,0,0,0,0,0,0,0,0,0,"none","none"
292,"午餐",0,"W1=0|W2=0|W3=0|W4=0|W5=0",0,0,0,0,0,0,0,0,0,0,0,"none","none"
293,"午餐",0,"W1=0|W2=0|W3=0|W4=0|W5=0",0,0,0,0,0,0,0,0,0,0,0,"none","none"
294,"午餐",0,"W1=0|W2=0|W3=0|W4=0|W5=0",0,0,0,0,0,0,0,0,0,0,0,"none","none"
295,"午餐",0,"W1=0|W2=0|W3=0|W4=0|W5=0",0,0,0,0,0,0,0,0,0,0,0,"none","none"
296,"午餐",0,"W1=0|W2=0|W3=0|W4=0|W5=0",0,0,0,0,0,0,0,0,0,0,0,"none","none"
297,"午餐",0,"W1=0|W2=0|W3=0|W4=0|W5=0",0,0,0,0,0,0,0,0,0,0,0,"none","none"
298,"午餐",0,"W1=0|W2=0|W3=0|W4=0|W5=0",0,0,0,0,0,0,0,0,0,0,0,"none","none"
299,"午餐",0,"W1=0|W2=0|W3=0|W4=0|W5=0",0,0,0,0,0,0,0,0,0,0,0,"none","none"
300,"午餐",0,"W1=0|W2=0|W3=0|W4=0|W5=0",0,0,0,0,0,0,0,0,0,0,0,"none","none"
301,"午餐",0,"W1=0|W2=0|W3=0|W4=0|W5=0",0,0,0,0,0,0,0,0,0,0,0,"none","none"
302,"午餐",0,"W1=0|W2=0|W3=0|W4=0|W5=0",0,0,0,0,0,0,0,0,0,0,0,"none","none"
303,"午餐",0,"W1=0|W2=0|W3=0|W4=0|W5=0",0,0,0,0,0,0,0,0,0,0,0,"none","none"
304,"午餐",0,"W1=0|W2=0|W3=0|W4=0|W5=0",0,0,0,0,0,0,0,0,0,0,0,"none","none"
305,"午餐",0,"W1=0|W2=0|W3=0|W4=0|W5=0",0,0,0,0,0,0,0,0,0,0,0,"none","none"
306,"午餐",0,"W1=0|W2=0|W3=0|W4=0|W5=0",0,0,0,0,0,0,0,0,0,0,0,"none","none"
307,"午餐",0,"W1=0|W2=0|W3=0|W4=0|W5=0",0,0,0,0,0,0,0,0,0,0,0,"none","none"
308,"午餐",0,"W1=0|W2=0|W3=0|W4=0|W5=0",0,0,0,0,0,0,0,0,0,0,0,"none","none"
309,"午餐",0,"W1=0|W2=0|W3=0|W4=0|W5=0",0,0,0,0,0,0,0,0,0,0,0,"none","none"
310,"午餐",0,"W1=0|W2=0|W3=0|W4=0|W5=0",0,0,0,0,0,0,0,0,0,0,0,"none","none"
311,"午餐",0,"W1=0|W2=0|W3=0|W4=0|W5=0",0,0,0,0,0,0,0,0,0,0,0,"none","none"
312,"午餐",0,"W1=0|W2=0|W3=0|W4=0|W5=0",0,0,0,0,0,0,0,0,0,0,0,"none","none"
313,"午餐",0,"W1=0|W2=0|W3=0|W4=0|W5=0",0,0,0,0,0,0,0,0,0,0,0,"none","none"
314,"午餐",0,"W1=0|W2=0|W3=0|W4=0|W5=0",0,0,0,0,0,0,0,0,0,0,0,"none","none"
315,"午餐",0,"W1=0|W2=0|W3=0|W4=0|W5=0",0,0,0,0,0,0,0,0,0,0,0,"none","none"
316,"午餐",0,"W1=0|W2=0|W3=0|W4=0|W5=0",0,0,0,0,0,0,0,0,0,0,0,"none","none"
317,"午餐",0,"W1=0|W2=0|W3=0|W4=0|W5=0",0,0,0,0,0,0,0,0,0,0,0,"none","none"
318,"午餐",0,"W1=0|W2=0|W3=0|W4=0|W5=0",0,0,0,0,0,0,0,0,0,0,0,"none","none"
319,"午餐",0,"W1=0|W2=0|W3=0|W4=0|W5=0",0,0,0,0,0,0,0,0,0,0,0,"none","none"
320,"午餐",0,"W1=0|W2=0|W3=0|W4=0|W5=0",0,0,0,0,0,0,0,0,0,0,0,"none","none"
321,"午餐",0,"W1=0|W2=0|W3=0|W4=0|W5=0",0,0,0,0,0,0,0,0,0,0,0,"none","none"
322,"午餐",0,"W1=0|W2=0|W3=0|W4=0|W5=0",0,0,0,0,0,0,0,0,0,0,0,"none","none"
323,"午餐",0,"W1=0|W2=0|W3=0|W4=0|W5=0",0,0,0,0,0,0,0,0,0,0,0,"none","none"
324,"午餐",0,"W1=0|W2=0|W3=0|W4=0|W5=0",0,0,0,0,0,0,0,0,0,0,0,"none","none"
325,"午餐",0,"W1=0|W2=0|W3=0|W4=0|W5=0",0,0,0,0,0,0,0,0,0,0,0,"none","none"
326,"午餐",0,"W1=0|W2=0|W3=0|W4=0|W5=0",0,0,0,0,0,0,0,0,0,0,0,"none","none"
327,"午餐",0,"W1=0|W2=0|W3=0|W4=0|W5=0",0,0,0,0,0,0,0,0,0,0,0,"none","none"
328,"午餐",0,"W1=0|W2=0|W3=0|W4=0|W5=0",0,0,0,0,0,0,0,0,0,0,0,"none","none"
329,"午餐",0,"W1=0|W2=0|W3=0|W4=0|W5=0",0,0,0,0,0,0,0,0,0,0,0,"none","none"
330,"午餐",0,"W1=0|W2=0|W3=0|W4=0|W5=0",0,0,0,0,0,0,0,0,0,0,0,"none","none"
331,"午餐",0,"W1=0|W2=0|W3=0|W4=0|W5=0",0,0,0,0,0,0,0,0,0,0,0,"none","none"
332,"午餐",0,"W1=0|W2=0|W3=0|W4=0|W5=0",0,0,0,0,0,0,0,0,0,0,0,"none","none"
333,"午餐",0,"W1=0|W2=0|W3=0|W4=0|W5=0",0,0,0,0,0,0,0,0,0,0,0,"none","none"
334,"午餐",0,"W1=0|W2=0|W3=0|W4=0|W5=0",0,0,0,0,0,0,0,0,0,0,0,"none","none"
335,"午餐",0,"W1=0|W2=0|W3=0|W4=0|W5=0",0,0,0,0,0,0,0,0,0,0,0,"none","none"
336,"午餐",0,"W1=0|W2=0|W3=0|W4=0|W5=0",0,0,0,0,0,0,0,0,0,0,0,"none","none"
337,"午餐",0,"W1=0|W2=0|W3=0|W4=0|W5=0",0,0,0,0,0,0,0,0,0,0,0,"none","none"
338,"午餐",0,"W1=0|W2=0|W3=0|W4=0|W5=0",0,0,0,0,0,0,0,0,0,0,0,"none","none"
339,"午餐",0,"W1=0|W2=0|W3=0|W4=0|W5=0",0,0,0,0,0,0,0,0,0,0,0,"none","none"
340,"午餐",0,"W1=0|W2=0|W3=0|W4=0|W5=0",0,0,0,0,0,0,0,0,0,0,0,"none","none"
341,"午餐",0,"W1=0|W2=0|W3=0|W4=0|W5=0",0,0,0,0,0,0,0,0,0,0,0,"none","none"
342,"午餐",0,"W1=0|W2=0|W3=0|W4=0|W5=0",0,0,0,0,0,0,0,0,0,0,0,"none","none"
